"Season","Name","LastName","FirstName","Teams","Position","ShootsCatches","Birthdate","CityOfBirth","CountryOfBirth","StateProvince","Nationality","Height","Weight","DraftYear","DraftRound","DraftNumber","HHOF","W","L","Ties","OTL"
20102011,"Craig Anderson","Anderson","Craig","COL, OTT","G","L","1981-05-21","ParkRidge","USA","IL","USA",74,187,2001,3,73,0,24,20,0,4
20102011,"Alex Auld","Auld","Alex","MTL","G","L","1981-01-07","ColdLake","CAN","AB","CAN",76,215,1999,2,40,0,6,2,0,2
20102011,"Richard Bachman","Bachman","Richard","DAL","G","L","1987-07-25","SaltLakeCity","USA","UT","USA",70,183,2006,4,120,0,0,0,0,0
20102011,"Niklas Backstrom","Backstrom","Niklas","MIN","G","L","1978-02-13","Helsinki","FIN",NA,"FIN",74,192,NA,NA,NA,0,22,23,0,5
20102011,"Jonathan Bernier","Bernier","Jonathan","LAK","G","L","1988-08-07","Laval","CAN","QC","CAN",72,184,2006,1,11,0,11,8,0,3
20102011,"Martin Biron","Biron","Martin","NYR","G","L","1977-08-15","LacStCharles","CAN","QC","CAN",74,186,1995,1,16,0,8,6,0,0
20102011,"Ben Bishop","Bishop","Ben","STL","G","L","1986-11-21","Denver","USA","CO","USA",79,216,2005,3,85,0,3,4,0,0
20102011,"Sergei Bobrovsky","Bobrovsky","Sergei","PHI","G","L","1988-09-20","Novokuznetsk","RUS",NA,"RUS",74,182,NA,NA,NA,0,28,13,0,8
20102011,"Brian Boucher","Boucher","Brian","PHI","G","L","1977-01-02","Woonsocket","USA","RI","USA",74,200,1995,1,22,0,18,10,0,4
20102011,"Martin Brodeur","Brodeur","Martin","NJD","G","L","1972-05-06","Montreal","CAN","QC","CAN",74,220,1990,1,20,0,23,26,0,3
20102011,"Mike Brodeur","Brodeur","Mike","OTT","G","L","1983-03-30","Calgary","CAN","AB","CAN",74,185,2003,7,211,0,0,1,0,0
20102011,"Ilya Bryzgalov","Bryzgalov","Ilya","PHX","G","L","1980-06-22","Togliatti","RUS",NA,"RUS",75,213,2000,2,44,0,36,20,0,10
20102011,"Peter Budaj","Budaj","Peter","COL","G","L","1982-09-18","Bansk√Bystrica","SVK",NA,"SVK",73,196,2001,2,63,0,15,21,0,4
20102011,"Scott Clemmensen","Clemmensen","Scott","FLA","G","L","1977-07-23","DesMoines","USA","IA","USA",74,200,1997,8,215,0,8,11,0,7
20102011,"Matt Climie","Climie","Matt","PHX","G","L","1983-02-11","Leduc","CAN","AB","CAN",75,194,NA,NA,NA,0,0,0,0,0
20102011,"Ty Conklin","Conklin","Ty","STL","G","L","1976-03-30","Anchorage","USA","AK","USA",73,185,NA,NA,NA,0,8,8,0,4
20102011,"Corey Crawford","Crawford","Corey","CHI","G","L","1984-12-31","Montreal","CAN","QC","CAN",74,216,2003,2,52,0,33,18,0,6
20102011,"Mark Dekanich","Dekanich","Mark","NSH","G","L","1986-05-10","NVancouver","CAN","BC","CAN",74,185,2006,5,146,0,0,0,0,0
20102011,"Cedrick Desjardins","Desjardins","Cedrick","TBL","G","R","1985-09-30","Edmundston","CAN","NB","CAN",72,192,NA,NA,NA,0,2,0,0,0
20102011,"Rick DiPietro","DiPietro","Rick","NYI","G","R","1981-09-19","Winthrop","USA","MA","USA",72,185,2000,1,1,0,8,14,0,4
20102011,"Devan Dubnyk","Dubnyk","Devan","EDM","G","L","1986-05-04","Regina","CAN","SK","CAN",78,213,2004,1,14,0,12,13,0,8
20102011,"Brian Elliott","Elliott","Brian","OTT, COL","G","L","1985-04-09","Newmarket","CAN","ON","CAN",74,209,2003,9,291,0,15,27,0,9
20102011,"Dan Ellis","Ellis","Dan","TBL, ANA","G","L","1980-06-19","Saskatoon","CAN","SK","CAN",73,195,2000,2,60,0,21,10,0,7
20102011,"Ray Emery","Emery","Ray","ANA","G","L","1982-09-28","Hamilton","CAN","ON","CAN",74,196,2001,4,99,0,7,2,0,0
20102011,"Jhonas Enroth","Enroth","Jhonas","BUF","G","L","1988-06-25","Stockholm","SWE",NA,"SWE",70,175,2006,2,46,0,9,2,0,2
20102011,"Marc-Andre Fleury","Fleury","Marc-Andre","PIT","G","L","1984-11-28","Sorel","CAN","QC","CAN",74,180,2003,1,1,0,36,20,0,5
20102011,"Mathieu Garon","Garon","Mathieu","CBJ","G","R","1978-01-09","Chandler","CAN","QC","CAN",73,198,1996,2,44,0,10,14,0,6
20102011,"Martin Gerber","Gerber","Martin","EDM","G","L","1974-09-03","Burgdorf","CHE",NA,"CHE",72,205,2001,8,232,0,3,0,0,0
20102011,"Jean-Sebastien Giguere","Giguere","Jean-Sebastien","TOR","G","L","1977-05-16","Montreal","CAN","QC","CAN",73,202,1995,1,13,0,11,11,0,4
20102011,"Jonas Gustavsson","Gustavsson","Jonas","TOR","G","L","1984-10-24","Danderyd","SWE",NA,"SWE",76,201,NA,NA,NA,0,6,13,0,2
20102011,"Jaroslav Halak","Halak","Jaroslav","STL","G","L","1985-05-13","Bratislava","SVK",NA,"SVK",71,181,2003,9,271,0,27,21,0,7
20102011,"Johan Hedberg","Hedberg","Johan","NJD","G","","1973-05-05","Leksand","SWE",NA,"SWE",72,190,1994,9,218,0,15,12,0,2
20102011,"Jonas Hiller","Hiller","Jonas","ANA","G","R","1982-02-12","FelbenWellhausen","CHE",NA,"CHE",74,191,NA,NA,NA,0,26,16,0,3
20102011,"Braden Holtby","Holtby","Braden","WSH","G","L","1989-09-16","Lloydminster","CAN","SK","CAN",74,217,2008,4,93,0,10,2,0,2
20102011,"Jimmy Howard","Howard","Jimmy","DET","G","L","1984-03-26","Syracuse","USA","NY","USA",73,218,2003,2,64,0,37,17,0,5
20102011,"Brent Johnson","Johnson","Brent","PIT","G","L","1977-03-12","Farmington","USA","MI","USA",75,199,1995,5,129,0,13,5,0,3
20102011,"Chad Johnson","Johnson","Chad","NYR","G","L","1986-06-10","Saskatoon","CAN","SK","CAN",75,196,2006,5,125,0,0,0,0,0
20102011,"Henrik Karlsson","Karlsson","Henrik","CGY","G","L","1983-11-27","Tumba","SWE",NA,"SWE",78,209,NA,NA,NA,0,4,5,0,6
20102011,"Nikolai Khabibulin","Khabibulin","Nikolai","EDM","G","L","1973-01-13","Sverdlovsk","RUS",NA,"RUS",73,208,1992,9,204,0,10,32,0,4
20102011,"Anton Khudobin","Khudobin","Anton","MIN","G","L","1986-05-07","UstKamenogorsk","KAZ",NA,"RUS",71,195,2004,7,206,0,2,1,0,0
20102011,"Miikka Kiprusoff","Kiprusoff","Miikka","CGY","G","L","1976-10-26","Turku","FIN",NA,"FIN",73,185,1995,5,116,0,37,24,0,6
20102011,"Mikko Koskinen","Koskinen","Mikko","NYI","G","L","1988-07-18","Vantaa","FIN",NA,"FIN",78,205,2009,2,31,0,2,1,0,0
20102011,"Jason LaBarbera","LaBarbera","Jason","PHX","G","L","1980-01-18","Burnaby","CAN","BC","CAN",75,232,1998,3,66,0,7,6,0,3
20102011,"Patrick Lalime","Lalime","Patrick","BUF","G","L","1974-07-07","StBonaventure","CAN","QC","CAN",75,192,1993,6,156,0,0,5,0,0
20102011,"Nathan Lawson","Lawson","Nathan","NYI","G","L","1983-09-29","Calgary","CAN","AB","CAN",74,198,NA,NA,NA,0,1,4,0,2
20102011,"Pascal Leclaire","Leclaire","Pascal","OTT","G","L","1982-11-07","Repentigny","CAN","QC","CAN",74,202,2001,1,8,0,4,7,0,1
20102011,"Robin Lehner","Lehner","Robin","OTT","G","L","1991-07-24","Gothenburg","SWE",NA,"SWE",76,239,2009,2,46,0,1,4,0,0
20102011,"Kari Lehtonen","Lehtonen","Kari","DAL","G","L","1983-11-16","Helsinki","FIN",NA,"FIN",76,190,2002,1,2,0,34,24,0,11
20102011,"Michael Leighton","Leighton","Michael","PHI","G","L","1981-05-19","Petrolia","CAN","ON","CAN",75,186,1999,6,165,0,1,0,0,0
20102011,"David Leneveu","Leneveu","David","CBJ","G","L","1983-05-23","Fernie","CAN","BC","CAN",73,190,2002,2,46,0,0,0,0,0
20102011,"Anders Lindback","Lindback","Anders","NSH","G","L","1988-05-03","G√vle","SWE",NA,"SWE",78,215,2008,7,207,0,11,5,0,2
20102011,"Henrik Lundqvist","Lundqvist","Henrik","NYR","G","L","1982-03-02","Are","SWE",NA,"SWE",73,188,2000,7,205,0,36,27,0,5
20102011,"Roberto Luongo","Luongo","Roberto","VAN","G","L","1979-04-04","Montreal","CAN","QC","CAN",75,217,1997,1,4,0,38,15,0,7
20102011,"Joey MacDonald","MacDonald","Joey","DET","G","L","1980-02-07","Pictou","CAN","NS","CAN",72,197,NA,NA,NA,0,5,5,0,3
20102011,"Peter Mannino","Mannino","Peter","ATL","G","L","1984-02-17","FarmingtonHills","USA","MI","USA",73,195,NA,NA,NA,0,0,0,0,0
20102011,"Jacob Markstrom","Markstrom","Jacob","FLA","G","L","1990-01-31","G√vle","SWE",NA,"SWE",78,196,2008,2,31,0,0,1,0,0
20102011,"Chris Mason","Mason","Chris","ATL","G","L","1976-04-20","RedDeer","CAN","AB","CAN",72,198,1995,5,122,0,13,13,0,3
20102011,"Steve Mason","Mason","Steve","CBJ","G","R","1988-05-29","Oakville","CAN","ON","CAN",76,210,2006,3,69,0,24,21,0,7
20102011,"Tom McCollum","McCollum","Tom","DET","G","L","1989-12-07","Amherst","USA","NY","USA",74,226,2008,1,30,0,0,0,0,0
20102011,"Curtis McElhinney","McElhinney","Curtis","ANA, OTT","G","L","1983-05-23","London","CAN","ON","CAN",75,200,2002,6,176,0,9,13,0,1
20102011,"Mike McKenna","McKenna","Mike","NJD","G","R","1983-04-11","StLouis","USA","MO","USA",74,190,2002,6,172,0,0,1,0,0
20102011,"Ryan Miller","Miller","Ryan","BUF","G","L","1980-07-17","EastLansing","USA","MI","USA",74,168,1999,5,138,0,34,22,0,8
20102011,"Al Montoya","Montoya","Al","NYI","G","L","1985-02-13","Chicago","USA","IL","USA",74,209,2004,1,6,0,9,5,0,5
20102011,"Michal Neuvirth","Neuvirth","Michal","WSH","G","L","1988-03-23","√öst√nadLabem","CZE",NA,"CZE",73,209,2006,2,34,0,27,12,0,4
20102011,"Antti Niemi","Niemi","Antti","SJS","G","L","1983-08-29","Vantaa","FIN",NA,"FIN",74,215,NA,NA,NA,0,35,18,0,6
20102011,"Antero Niittymaki","Niittymaki","Antero","SJS","G","L","1980-06-18","Turku","FIN",NA,"FIN",73,195,1998,6,168,0,12,7,0,3
20102011,"Chris Osgood","Osgood","Chris","DET","G","L","1972-11-26","PeaceRiver","CAN","AB","CAN",70,180,1991,3,54,0,5,3,0,2
20102011,"Ondrej Pavelec","Pavelec","Ondrej","ATL","G","L","1987-08-31","Kladno","CZE",NA,"CZE",75,215,2005,2,41,0,21,23,0,9
20102011,"Justin Peters","Peters","Justin","CAR","G","L","1986-08-30","Blyth","CAN","ON","CAN",73,210,2004,2,38,0,3,5,0,1
20102011,"Timo Pielmeier","Pielmeier","Timo","ANA","G","L","1989-07-07","Deggendorf","DEU",NA,"DEU",71,175,2007,3,83,0,0,0,0,0
20102011,"Kevin Poulin","Poulin","Kevin","NYI","G","L","1990-04-12","Montreal","CAN","QC","CAN",74,206,2008,5,126,0,4,2,0,1
20102011,"Carey Price","Price","Carey","MTL","G","L","1987-08-16","AnahimLake","CAN","BC","CAN",75,226,2005,1,5,0,38,28,0,6
20102011,"Jonathan Quick","Quick","Jonathan","LAK","G","L","1986-01-21","Milford","USA","CT","USA",73,218,2005,3,72,0,35,22,0,3
20102011,"Tuukka Rask","Rask","Tuukka","BOS","G","L","1987-03-10","Savonlinna","FIN",NA,"FIN",75,176,2005,1,21,0,11,14,0,2
20102011,"Andrew Raycroft","Raycroft","Andrew","DAL","G","L","1980-05-04","Belleville","CAN","ON","CAN",73,180,1998,5,135,0,8,5,0,0
20102011,"James Reimer","Reimer","James","TOR","G","L","1988-03-15","Morweena","CAN","MB","CAN",74,217,2006,4,99,0,20,10,0,5
20102011,"Pekka Rinne","Rinne","Pekka","NSH","G","L","1982-11-03","Kempele","FIN",NA,"FIN",77,217,2004,8,258,0,33,22,0,9
20102011,"Dwayne Roloson","Roloson","Dwayne","NYI, TBL","G","L","1969-10-12","Simcoe","CAN","ON","CAN",73,170,NA,NA,NA,0,24,25,0,5
20102011,"Cory Schneider","Schneider","Cory","VAN","G","L","1986-03-18","Marblehead","USA","MA","USA",75,205,2004,1,26,0,16,4,0,2
20102011,"Mike Smith","Smith","Mike","TBL","G","L","1982-03-22","Kingston","CAN","ON","CAN",76,215,2001,5,161,0,13,6,0,1
20102011,"Alex Stalock","Stalock","Alex","SJS","G","L","1987-07-28","StPaul","USA","MN","USA",72,187,2005,4,112,0,1,0,0,0
20102011,"Jose Theodore","Theodore","Jose","MIN","G","R","1976-09-13","Laval","CAN","QC","CAN",71,172,1994,2,44,0,15,11,0,3
20102011,"Tim Thomas","Thomas","Tim","BOS","G","L","1974-04-15","Flint","USA","MI","USA",71,201,1994,9,217,0,35,11,0,9
20102011,"Marty Turco","Turco","Marty","CHI","G","L","1975-08-13","SaultSteMarie","CAN","ON","CAN",71,184,1994,5,124,0,11,11,0,3
20102011,"Semyon Varlamov","Varlamov","Semyon","WSH","G","L","1988-04-27","Samara","RUS",NA,"RUS",74,209,2006,1,23,0,11,9,0,5
20102011,"Tomas Vokoun","Vokoun","Tomas","FLA","G","R","1976-07-02","KarlovyVary","CZE",NA,"CZE",73,210,1994,9,226,0,22,28,0,5
20102011,"Cam Ward","Ward","Cam","CAR","G","L","1984-02-29","Saskatoon","CAN","SK","CAN",73,185,2002,1,25,0,37,26,0,10
